<?xml version="1.0" encoding="UTF-8"?>
<project-private xmlns="http://www.netbeans.org/ns/project-private/1">
    <editor-bookmarks xmlns="http://www.netbeans.org/ns/editor-bookmarks/2" lastBookmarkId="0"/>
    <open-files xmlns="http://www.netbeans.org/ns/projectui-open-files/2">
        <group>
            <file>file:/Users/homeyxue/Downloads/BlobDemo/src/blobdemo/MoveCommand.java</file>
            <file>file:/Users/homeyxue/Downloads/BlobDemo/src/blobdemo/BlobCommand.java</file>
            <file>file:/Users/homeyxue/Downloads/BlobDemo/src/blobdemo/BlobDemo.java</file>
            <file>file:/Users/homeyxue/Downloads/BlobDemo/src/blobdemo/CreateCommand.java</file>
            <file>file:/Users/homeyxue/Downloads/BlobDemo/src/blobdemo/BlobModel.java</file>
            <file>file:/Users/homeyxue/Downloads/BlobDemo/src/blobdemo/Group.java</file>
            <file>file:/Users/homeyxue/Downloads/BlobDemo/src/blobdemo/InteractionModel.java</file>
            <file>file:/Users/homeyxue/Downloads/BlobDemo/src/blobdemo/BlobClipboard.java</file>
            <file>file:/Users/homeyxue/Downloads/BlobDemo/src/blobdemo/Groupable.java</file>
            <file>file:/Users/homeyxue/Downloads/BlobDemo/src/blobdemo/BlobViewController.java</file>
            <file>file:/Users/homeyxue/Downloads/BlobDemo/src/blobdemo/ModelListener.java</file>
            <file>file:/Users/homeyxue/Downloads/BlobDemo/src/blobdemo/BlobView.java</file>
            <file>file:/Users/homeyxue/Downloads/BlobDemo/src/blobdemo/Blob.java</file>
        </group>
    </open-files>
</project-private>
